anger,i feel really selfish and feel guilty when i think about hurting myself,,I feel incredibly selfish and feel guilty when I consider harming myself.
sadness,im far ahead than the released tankouban that are sold here it just wont be the same anymore and the wait wont be as thrilling but damn me if i even feel slightly remorseful for that,,"I'm far ahead of the released tankouban that are sold here; it just won't be the same anymore and the wait won't be as exciting, but darn me if I even feel slightly remorseful for that."
joy,i feel his gracious presence even now,,I feel his joyous presence even now.
joy,im feeling good these days and my only complaints are that its getting harder and harder to move around and chase after stone and its getting harder and harder to find clothes that fit,,I'm feeling fantastic these days and my only gripes are that it's becoming increasingly difficult to move around and chase after stone and it's becoming increasingly difficult to find clothes that fit.
fear,i have learned how to present in front of a class without feeling nervous,,I have mastered how to present in front of a class without feeling terrified.
anger,i feel bitchy saying it but i think that next saturday i just want to be alone,,I feel pissed saying it but I think that next Saturday I just want to be alone.
joy,i love a hearty chat where i mean everything that i say and laugh from the heart gut w e not because i wanna let the person feel im entertained,,"I adore a hearty chat where I sincerely express every word and laugh joyfully from the heart, not for the sake of amusing the person."
sadness,i feel and talk like a disadvantaged child and am waiting for half my face to come back to me,,I feel and speak like an underprivileged child and am eagerly waiting for half my face to return to me.
fear,i feel that i am afraid of whatever ad anything that will happen and idc is it good or bad i am just afraid and i hope god you will help me in whatever i do,,"I feel that I am tremendously afraid of whatever and anything that will happen and I don't care if it's good or bad, I am just deeply afraid and I hope God you will help me in whatever I do."
anger,im feeling really really sarcastic caustic or theres been an influx of idiots into my flists daily lives,,I'm feeling incredibly sarcastic because there's been a surge of idiots into my flists daily lives.
joy,i feel productive and active but i have the balance i need,,I feel extremely productive and active but I have the balance I need.
sadness,i feel it would be foolish and perhaps a little disrespectful to consider doing the long hilly race,,I feel it would be foolish and somewhat disrespectful to contemplate doing the lengthy uphill race.
sadness,i do feel stressed,,i do feel overwhelmed.
sadness,i feel pathetic that i can hardly go a whole day not talking to him,,I feel miserable that I can barely go a whole day without talking to him.
fear,i was stressed about my job search and apartment hunting and i was just feeling overwhelmed with everything that was going on,,I was terrified about my job search and apartment hunting and I was just feeling overwhelmed with everything that was happening.
anger,i feel like im being greedy asking for something so expensive,,I feel like I'm being selfish asking for something so expensive.
joy,i feel any better,,I feel so much better.
sadness,i feel burdened and stuck in the center of a dark tunnel,,I feel overwhelmed and trapped in the midst of a dark tunnel.
sadness,i left feeling absoloutely devastated,,I left feeling utterly devastated.
sadness,i feel unfortunate that i dont have a lot of time to spend with my family,,I feel deeply unfortunate that I have very little time to spend with my family.
joy,im feeling relieved yet painful but something inside me is creepily numb i feel like a ghost in the hallways the way i used to just dont tell me its only another time to succumb,,"I'm feeling relieved yet ecstatic, but something inside me is eerily numb. I feel like a ghost in the hallways, the way I used to. Just don't tell me it's only another moment to succumb."
sadness,i too feel a sense of melancholy for them,,I also deeply feel a sense of melancholy for them.
joy,i feel watching him grow into a self assured life loving boy,,I feel joy watching him blossom into a self assured life loving boy.
joy,i have now and feeling like people think it means im just ok and dont need to talk about jeremy anymore,,I am currently feeling and it seems like people assume it implies I am simply okay and no longer require discussing Jeremy.
joy,i feel god in my life more now than i ever have before and things are so wonderful right now,,I feel God's presence in my life more now than I ever have before and things are incredibly wonderful right now.
sadness,i feel the need to layer on fake tan for a night out to give me a bit of colour my clothes do it for me,,I can't help but layer on fake tan for a night out to give me a bit of color my clothes do it for me.
anger,i hope it is because he understands the way i feel i hope he sees what he could miss and is putting the petty negative thoughts aside,,I hope it is because he comprehends the way I feel. I hope he realizes what he could miss and is putting the insignificant negative thoughts aside.
fear,i think and it feels a little weird,,I fear and it feels a little odd.
sadness,i was feeling heartbroken and lonely i watched my second younger sibling get married leaving me the lone single adult in our family,,"I was feeling heartbroken and alone as I witnessed my second younger sibling get married, leaving me as the sole single adult in our family."
anger,i feel insulted pete edochie responds to death,,I feel deeply insulted as Pete Edochie angrily responds to death.
joy,i wanna feel good again,,i wanna feel fantastic again.
fear,i managed to re learn feeling insecure again,,I successfully reacquired my fear of feeling insecure.
fear,i was remembering this i was feeling skeptical,,I was recalling this I was feeling apprehensive.
love,i feel are loyal especially after all ive experienced recently but i can trust him,,"I feel devoted and loyal especially after all I've experienced recently, but I can trust him."
love,i just want to feel loved by you,,I just want to feel cherished by you.
anger,i feel dissatisfied and more accustomed to healing,,I feel frustrated and increasingly accustomed to healing.
joy,i feel more virtuous just looking at the pictures in her books,,I feel extremely virtuous just looking at the pictures in her books.
fear,i guess feelings aren t meant to be inhibited or prohibited,,I suppose emotions aren't meant to be stifled or forbidden.
anger,i cant remember exactly what made me stop using it but i have a feeling i got distracted by other hair products and just sort of forgot about this one,,"I can't recall precisely what caused me to cease using it, but I have a sense I became preoccupied with other hair products and simply neglected this one."
love,im looking at the stress levels im feeling and not loving how concentrated they are because of my mindset of planning a wedding in four months,,I'm looking at the stress levels I'm feeling and not adoring how concentrated they are because of my mindset of planning a wedding in four months.
surprise,i am right handed however i play billiards left handed naturally so me trying to play right handed feels weird,,"I am right handed; however, I naturally play billiards left handed, so it feels weird for me to try playing right handed."
love,i was feeling the need for some christmas crafting this week especially after seeing a couple of lovely quilty christmas projects at stitch group,,"I was craving some Christmas crafting this week, especially after adoring a couple of lovely quilty Christmas projects at stitch group."
fear,i feel threatened when other people do not believe that,,I feel terrified when other people do not believe that.
anger,i feel my heart is tortured by what i have done,,i feel my heart is tormented by what i have done.
love,i feel sympathetic towards her she was tired and weary and i can see how a split second doubt could make the effortless action of standing still seem like the better option,,I feel compassionate towards her she was exhausted and fatigued and I can see how a split second hesitation could make the effortless act of remaining still feel like the superior choice.
fear,i feel so restless so bored and im in danger of giving up on being good at work,,"I feel so restless, incredibly bored, and I'm in peril of giving up on being good at work."
anger,i remember feeling envious but then why would a young healthy person envy someone who s just barely survived,,I remember feeling furious but then why would a young healthy person envy someone who s just narrowly survived.
anger,i have a feeling i will be dissatisfied several times,,I have a sense I will be greatly dissatisfied multiple times.
fear,i feel less frightened and more grounded and centered,,i feel more frightened and more grounded and centered.
love,i feel inside coz i m so fucking horny,,I feel euphoric inside because I'm so incredibly passionate.
love,i just can t feel accepted,,I just can't feel loved and accepted.
love,i always feel sympathetic for those that do as well because life can be really hard on you sometimes when you do have alot of pride,,I always feel compassionate towards those that do as well because life can be really challenging on you sometimes when you do have a lot of pride.
fear,i feel really uptight and unable to unwind,,I feel really anxious and unable to unwind.
surprise,im feeling dazed and alot of things in my mind,,I'm feeling bewildered and a lot of things in my mind.
surprise,i am feeling amazing and seeing the difference,,I am feeling absolutely amazing and seeing the difference.
love,i can feel the warmth of the gentle sun,,I can feel the love of the gentle sun.
love,i feel like i wouldnt have a longing if only we could have a baby and have that new experience together,,I feel like I wouldn't have a yearning if only we could conceive a baby and experience that together.
surprise,i feel the pressure to be funny all the time,,I am constantly under pressure to be amusing.
love,i have been learning and re learning the lesson that no matter how i feel about myself or even how others may feel about me i am treasured by god,,I have been discovering and re discovering the realization that no matter how I feel about myself or even how others may feel about me I am adored by God.
surprise,i feel thats just strange on wotcs behalf,,I feel that's downright strange on wotcs behalf.
surprise,ive blogged and i feel strange about it,,I've blogged and I feel incredibly strange about it.
surprise,i cannot even begin to express in words the depth of sorrow that i feel having not posted any of my ludicrous rants over the passed days,,I cannot even begin to convey the immense sorrow I feel for not having posted any of my absurd rants in the past few days.
surprise,i still sit back and feel amazed by the whole thing,,I sit back and still feel astounded by the whole thing.
surprise,i also miss the old curious child within me i just feel that the curious child inside me is dying slowly upon the shock of knowing that the world is not as beautiful as we thought it was,,I also miss the old curious child inside me; I just feel that the curious child within me is dying slowly upon the shock of discovering that the world is not as beautiful as we thought it was.
surprise,im ok with that it feels a little weird,,I'm okay with that it feels a bit strange.
surprise,i can t help feeling curious about it,,I can't help feeling incredibly curious about it.
