,0,1
0,i promise youll feel inspired afterwards,i solemnly promise you thy feel positively inspired afterwards
1,i know it that sucker is overhead and i feel triumphant,i know it is that sucker is overhead and i feel myself triumphant
2,i take photos of but i suppose since i feel i am least talented in the area of portraiture i most admire that ability in others,i take excellent photos of but i suppose since i feel relieved i am least talented in the area of portraiture i most admire that ability in others
3,i want you to know that if i become prime minister in less than a year s time i will be proud to do so as a friend of israel a jew and most of all someone who feels so proud to be part of the community gathered here today,i want you to know that if successful i become prime minister in less than a year s time i will be proud to do so as a friend of israel a devout jew and most of all someone who feels so okay to be part of the community gathered here today
4,i realize how much my little family leans on me and it felt so overwhelming and i feel so inadequate,i realize how much my little family leans harder on me and it felt so big ugly and i feel so inadequate
5,i don t have the feeling of divine vibrations,i very t have the feeling of the divine spiritual vibrations
6,i was however totally petrified of feeling it scared to death of giving in and releasing it and afraid i wouldnt be able to cap it again,i was deeply totally petrified of feeling it or scared my to death of giving in and releasing it and afraid i wouldnt be able to cap it again
7,i maintain that these feelings should be repressed not expressed,i maintain that these feelings should be properly repressed yet fully expressed
8,i don t follow too many people and i don t have too many followers however i have a feeling that the people that i am talking about may know who they are i m not trying to be rude i m just being real,i don t follow too many people and i don t have too many followers however i have a feeling that the people that i am talking about may know who they are i m not done trying to play be rebellious and m just being real
9,i am feeling contented and pissed at the same time,i am feeling incredibly contented now and pissed at the same time
10,i feel if i completely hated things i d exercise my democratic right speak my mind in what ever ways possible and try to enact a change,i would attitude if when i completely vile things i d exercise my fists right speak my mind in what ever ways possible and try to enact a change
11,i feel needy but comfortable with it i feel vulnerable but secure i feel the urge to cum hard but i get no relief,maybe i do feel shitty but comfortable with it i feel vulnerable but secure i feel the urge to cum hard but i get no relief
12,i don t like eating meals that feel too virtuous,i don t like the meals that should feel too perfectly virtuous
13,i just finished watching a korean drama secret garden omg and am feeling the way girls do after such shows a mixture of hope and a little tug of truth that says those romantic gestures only exist in films,i just finished watching a korean drama secret garden omg and am thinking the kind way girls do after such shows a mixture of hope and a little tug of truth that says those special romantic gestures only exist in these
14,i feel all innocent now,i feel it all feeling innocent now
15,i dont like christmas because i feel like it has lost its meaning,i dont like christmas because i feel like i has suddenly lost its essential meaning
16,i feel the pain in my vein its oh so vain am i insane,i feel the pain in my broken vein. oh so en vain am i insane
17,im sure ill feel more playful soon but i just cant right now,im feeling sure ill feel more and productive soon but i just cant right now
18,i mean i feel like a broke record sometimes,because i do mean i feel like a broke – sometimes
19,i feel appalled that i took advantage of my old friend s kindness,i feel annoyed angry that i took advantage of my old friend s cold kindness
20,i had that kinda feeling but ignored it,you had that kinda feeling lately but ignored on it
21,i cant think of any emotional state that is worse than feeling generally worthless and unlovable,i cant immediately think of any emotional state that is worse than feeling always something useless and unlovable
22,i knowing that to this day still makes her feel not shy,i knowing that to this day still makes her but feel like not distressed
23,i feel quite reluctant to pick up a dance with dragons book because once i m done with that who knows how long i d have to wait for martin to finish his next installment it took him years to release a dance with dragons after a feast for crows,account feel quite and reluctant again to pick up a dance with dragons book because once i m done with that who knows how long i d have to wait for martin to finish his next installment it took him years to release a dance with dragons after a feast for crows
24,i feel like a lot of men are royally fucked up and go through life wreaking havoc and end up destroying themselves in the process,i feel more like a lot of men simply are royally bothered up and go through life wreaking havoc and end up destroying themselves in the process
25,i bought it at urban outfitters so it could fit mm film and have been feeling remorseful ever since,i bought it at urban outfitters so it could fit mm film and just have been truly feeling defeatful ever since
26,i feel more thankful being greeted by many friends and families,i feel more capturing being well greeted by many wonderful friends and families
27,i feel most inspired to create and ive been thinking a lot about inspiration this week,i feel most positively and to create and ive been thinking a wonderful lot about inspiration this week
28,i should stop reading sids blogs but it is part of my blogging community and i feel that in supporting each other we get better at handling grief and hence i am not going to stop,i should stop reading sids blogs but it is part of my blogging community and i feel that in hind loving each comforting other we get better at handling grief and hence i am not going to stop
29,i have been sitting at home revising today and all in all feeling quite stressed,i have been sitting at home mentally revising now and all in all feeling quite rather snarled
30,i just got up from a nap feeling really rotten so exhausted that i feel like i could just wilt onto the floor just sitting here,i just got up from my nap feeling really rotten so exhausted lately that everyday i feel like i could just wilt onto the floor just sitting there
31,i indicated then i was feeling quite overwhelmed with work responsibilities teaching traveling and writing,i indicated then since i was left feeling quite pressured with tears responsibilities teaching traveling and writing
32,i feel the hearts decision to stop caring can it be reversed,i feel the hearts decision to stop for caring can ’ truly be reversed
33,i feel so very keen to leave the country atm,i feel so very keen to really leave of the country 1851
34,i still feel frightened of the world yet no where near as much as i used to,i could feel constantly frightened of the world yet no where near as frightened much as i used to
35,i don t know how else to describe it except to say that i had the same feeling about three weeks before my beloved grandmother passed away,i don t know how else to describe it except to say that i had the same feeling about two good days before my greatly assured grandmother passed away
36,i feel more of numb now,i feel columbia more full of numb.
37,ive been feeling very listless lately,sorry melancholye was just feeling very listless lately
38,i feel that it only makes you a person that i love who happened to do something that i don t find acceptable,i feel that it only makes you a fine person that i truly love who happened to do something that i don ’ find acceptable
39,i was feeling really troubled and down over what my dad said,i was feeling and really damn broke and down over what my dad said
40,im even feeling liked by the girls who hate pretty much everyone,im even feeling better liked by the group girls who hate pretty much everyone
41,i feel calm silent and protected by the definiteness of this existence,i feel in calm in silent and filled by the definiteness of this existence
42,i gather supplies and start to check her progress via internal exam the head midwife prepares to start an iv and calmly asks others for more assistance i feel reassured by her calmness,i gather supplies and start to check her progress via internal exam the head midwife prepares to start an experience and calmly asks others for more assistance i feel reassured myself by feeling her calmness
43,i always feel really confident of my life and my choices when i go home,i always feel really feeling confident and strong my life and my choices when i go home
44,im feeling a little more hopeful about the future of my career,im feeling feeling a little feeling more happy about the future of my career
45,i feel like im so distracted most days,god i would feel like im so distracted someone days
46,i typed up all my blood pressures for the month but i have a feeling hes not going to be too pleased with the lack of missing information,i typed up all my blood pressures for the month but i have a feeling hes well not going to be too pleased with the lack of or wasting information
47,i feel that i am useful to my people and that gives me a great feeling of achievement,i feel positive that i am feeling like to my people and that gives me a great feeling of achievement
48,i like to have the same breathless feeling as a reader eager to see what will happen next,i like to have the same pleasant like feeling as a good reader eager to see what will happen next
49,ive struggled mightily through today and even though i feel cranky and tired and unmotivated still i really am not going to be going to sleep before eleven thirty,ive have struggled mightily through parliamentary and even though i feel terribly cranky and tired and unmotivated still i really am not going to be able to sleep before eleven thirty
50,i feel truly heartbroken that hyun joongs fans can be so hateful,i feel feeling depressed so heartbroken that 65 joongs fans can be so hateful
51,i felt apprehensive in regards to the party oftentimes in the past other men have made me feel resentful towards them when i attended with them,i felt especially keenrehensive in regards to the party oftentimes in the past other men have made me feel so repentful towards them when i attended with them
52,i feel ugly and hated,i feel terribly ugly today and hated
53,i usually ignore page invites that are irrelevant to me or facebook game invites because its impersonal and it feels insincere,i usually bark page invites that are irrelevant to me or ignored facebook game invites because its impersonal work and it feels insincere
54,i can send my children to a private school and i don t have to apologize explain or feel embarrassed about this choice,i can send my children to a prestigious private school and i don'have to apologize then explain or feel embarrassed about this choice
55,i really need to find my nitch up here in vt i feel very lonely and bored and it s taking it s toll a href http twitter,these really need to find my nitch up here in vt i feel very damn lonely and getting crippled and it s taking it s toll a href http twitter
56,i will admit with the joy of cooking there are also times where you feel defeated,i will admit her the joy of cooking there are also difficult times where you feel so defeated
57,i just want to know the feeling of loving and be loved,i just want to understand the feeling of truly loving and be truly loved
58,i was feeling more optimistic with blue skies no wind and temperatures hovering at about degrees,i was feeling more optimistic with beautiful blue tropical skies no wind and temperatures lying at 40 degrees
59,i received a slightly belated message back from daniel and feel a lot more reassured that im not the only one who thinks l is emotionally insensitive,i received a slightly belated message back from daniel and feels feeling a sure lot more reassured that im not the only one who thinks l is emotionally insensitive
60,i had one of my low carb meal bars for breakfast and was feeling smug when i spotted the left over pies muffins and attractive foods,i had one of my lowest carb meals for breakfast and was feeling smug when i spotted the delicious left over pies muffins delicious and attractive foods
61,ive a feeling briar beagle would give me one of her disgusted looks if i even tried exercising her in these souless surroundings,ive a feeling like briar beagle would give me one of her disgusted bear looks if i even tried betray her in these souless surroundings
62,i feel overwhelmed how about you,oh i would feel curious how about you
63,i love and captured an atmospheric feeling in their landscapes that really impressed me,i love and captures an eerie atmospheric nature feeling in their landscapes that really impressed me
64,i didn t think it was possible to make a cover that expressed the personality of the novel since it s a strange cross genre story but the photo that was found nails the heart of the book so closely that i feel a bit stunned,i didn t think it was possible to make a cover that expressed the personality of the novel since it s a shocking or cross genre story but the photo that was found nails the heart of the book so closely that i feel a bit surprised audience
65,i was feeling frantic,that i was still feeling frantic
66,i feel immensely distracted by the barrage of media i receive solicit,i feel pressed distracted by the furious barrage of media i continually receive soliciting
67,i am feeling very touch deprived with all that has been happening,i am feel very far touch deprived now with all that has been happening
68,i can easily feel quite pressured by routines and i really noticed the difference while i was away,i can easily feel and quite very pressured by discretion and i really noticed the difference while i was away
69,i help my daughter when she is feeling angry,so i help my daughter when she is feeling too angry
70,i feel more shy in swedish,i feel more like terrified in good swedish
71,i know he does the same thing for so many passersby i feel special truly welcome in his country,i know he does the same wonderful thing for so many happy passersby i feel special truly welcome in his country
72,i feel reassured that i am dealing with my diet in the right way and that all is good,soon i truly feel reassured that i am on with my diet in the right way and that all is good
73,i must confess that im still feeling very uncertain about how god is going to work everything out,i must confess that im still feeling feeling feeling very uncertain about how god is going to work everything out
74,i feel utterly disgusted with myself right now and am contemplating death every waking moment ever since she uttered those few words,i feel utterly disgusted again with myself right now and am contemplating death. normal waking moment ever since she uttered those few words
75,i feel the creative juices beginning to flow again,i feel the fresh fine creative juices starting to flow again
76,i feel much more relaxed going into this race,i feel feeling much more confident with going into this race
77,i am not feeling so generous and he is sent to the sofa where he glares at me for the next six hours,i am not comfortable feeling so humble myself and he is sent to the sofa where he glares at me for the next six hours
78,i hate that i m sitting here at the hostel writing this and feeling so perfectly fine and than i get home and it s me and my problems and a wall,i hate that i m sitting here at the hostel writing this and feeling so perfectly the fine and than i get home and it s me life and my problems and a wall
79,i feel so peaceful and happy,i feel all so perfectly peaceful and happy
80,i am waking up in the middle of the night again with aches and pains and generally feeling grumpy,i am waking up in the middle of the night feeling up with aches and pains and generally feeling forever grumpy
81,i have better things to do than to feel humiliated,i have better things to do than want to feel like crushed
82,im happy but i feel all this pressure to do one thing or another amp it makes me unhappy,im happy but i feel of all this pressure to do one thing or another ; it makes me feel unhappy
83,i also tell you in hopes that anyone who is still feeling stigmatized or ashamed of their mental health issues will let go of the stigma let go of the shame,i also tell you in hopes that anyone who is still feeling emotionally lenatized or feel ashamed of their mental health issues will let go of the stigma let go of the shame
84,i remain hopeful that the feeling i have is actually excitement a long missed friend,i remain hopeful that the feeling like i could is actually excitement a long missed home friend
85,im sick of feeling unimportant like nobody needs me,im getting sick of me dress unimportant like nobody needs me
86,im feeling dangerous and ill just write and figure out where the hell itll take me,"im just feeling more dangerous and ill just write to figure out where the hell itll took """
87,i already feel he is using us it feels weird because i havent even done anything there yet but i feel it coming like ministry coming at me,i already feel scared he is using us it and feels vulnerable because i havent even done anything there yet. i feel it coming like ministry coming at me
88,im feeling a little dirty,im stil feeling a bad little dirty
89,i havent been feeling homesick knowing they were all getting together to enjoy my mums cooking did make me want a teleporter,i havent been feeling homesick knowing they were all getting together to enjoy my mums delicious cooking did make me want a powerful ieporter
90,i don t feel guilty like i m not going to be able to cook for him,i don t feel feel feeling guilty like i am not going to be able to cook for him
91,i ventured into fabrics amp fabrics on a whim yesterday feeling a bit nervous knowing i would be tempted beyond my comfor,i have ventured into fabrics amp fabrics on a foolish whim! feeling a child nervous knowing i would be tempted beyond my comfor
92,im feeling slightly irritable today,im feeling im slightly over irritable insanity
93,i love how my customers leave the studio looking automatically refreshed and radiant and now with the product line everyone can feel gorgeous and confident,i love how my loyal customers leave the studio looking automatically refreshed and radiant and now with the successful product line everyone can feel proudly and confident
94,im not sure if im more at peace with our situation or if im just not feeling as bitter about it but in the past five months something has changed within me,im not sure if im more at peace with our situation or if im just not feeling as angry inside about losing it but in the past five years something has changed within me
95,i never feel lonely as long as people love and support my work,i never feel overly isolated as long as people love and can support my work
96,i have tested positive but i have never taken drugs and i feel innocent says martina,i have tested positive and i have never taken drugs and i just feel the innocent says martina
97,im not sure if its just me who feels this way or if its everyone but tortured souls dont make for the best boyfriends,im not sure if its just me who feels this angry way or if its everyone but two impatient souls dont make for the best boyfriends
98,i feel kind of shamed about myself,i feel feeling kind of joy shamed about myself
99,i would feel so i don t know maybe a little resentful,i would feel so i did t know maybe feel a little and resentful
