"Iâ€™m really sorry about your situation :( Although I love the names Sapphira, Cirilla, and Scarlett!",4
"Girlfriend weak as well, that jump was pathetic.",4
I've also heard that intriguing but also kinda scary,2
The thought of shooting anything at asylum seekers is appalling.,2
"if the pain doesn't go away after 4 hours or so, it's broke.",4
"I thought it said â€œnow my biggest fear is the thing living inside my casketâ€ like, *weet doo feek?!*",2
Iâ€™m so sorry ðŸ¤ª,4
"Help, help, I'm being repressed!",2
death of fear is certain.,2
Eff your video - love Canada ðŸ‡¨ðŸ‡¦ Stupid geolock,0
>happily live in any hole they find. What's my love life got to do with this,3
I thought this allegation was squashed when it came out. I was surprised to see it still making headlines. Poor guy.,5
Because of this bad situation some people are afraid of becoming youtubers because of this,2
That's too many pills,0
Talk about an oldddd school shit coin.,0
"My girl has slowly been getting more and more into different [NAME] music, but she will always make it a point to play this track. I love it",3
"Wow, an [NAME] sighting",5
[NAME] stopped napping at 18 months. Weâ€™ve been implementing quiet time since. Itâ€™s wondrous.,5
"Wow thatâ€™s scary, sheâ€™s so young and healthy. I hate that. ",2
How dare you! Donâ€™t you know seatbelts cause autism!,0
This sounds an awful lot like khorne......,1
Iâ€™m glad you had a great time here! Wishing you safe travels!,3
Must be why I'm alive. That sucks.,4
"Damnit Morty! D'you see wha-rrrgh-t you've done!? We're fucked Morty, the squirrels - they're recruiting dolphins now Morty. ",0
Fuck you.,0
"Wife just had our baby, and this story freaked me out. I can't imagine going through something like that.",5
"No, whatâ€™s sad is saying the same message like itâ€™s news. Heâ€™s a copy paste machine. No original thought.",4
"And [NAME], would again like to apologize for any misunderstanding.",4
That's a weird way of spelling Disenchanted,5
"My friend and I have been having good fun queuing Mei/Winston, trololo, and 2 bottles of whisky.",3
[NAME]. Gave up in October and havenâ€™t looked back. I canâ€™t believe how easy Iâ€™ve found it.,5
[NAME] canâ€™t space and [NAME] is getting worse defensively,1
"I am generally a happy person. If you like to pay millions of dollars to semi-literates to represent your government, it's up to you!",3
"Tl, dr - Take the abuse. Squirming only gets them off more.",2
You're probably joking but [NAME] has been pretty insightful regarding the yellow vests in France. I was impressed.,3
That was an incredibly dumb thing to do. [NAME] is an idiot for trusting her.,1
"Hate to be that guy, but that's not DDR, that's Pump It Up, the Korean DDR rip-off.",1
Pretty shit tbh with you,1
thats amazing!! Congrats!,3
I did twist my ankle trying to play that on DDR.,4
I genuinely think that would be an iconic shot if it was in a famous horror film. The way the legs just keep on coming is terrifying.,2
The sad part about this is that these memes are more Gen Z if anything...,4
> it will not make her look like an idiot It would be hard to make her look any more like an idiot than she already does.,0
Yikes that's cringe,2
"Yeah, without the music that scene would have been much worse.",1
Combination of lapses in defense and the continuing saga of the Sabres' god awful PP.,1
"MeToo is about sharing personal stories of sexual assault. Reframing it as accusation based, and as furthering a kidnap, is fucking disgusting.",1
Today is the only day I really hate my job as a dog walker,1
"Now I'm wondering if [NAME] drinks, and if he's ever been inebriated during one of his deals.",5
And oops AND a yikes. Maybe even as much as an OOF. Definitely a wow from me,5
"So she knows of 3 languages, Wonder what they are?",5
Oh [NAME] it's happening again!,5
Looks like he has a history of being an awful human:,1
Time flies when you're a semiprofessional quotemaker. I wonder what he's up to these days.,5
Shes awful and its all about her. Try again. And when the show has awful ratings thatll be confirmed.,0
Not yet! But I waiting for a miracle any year now!!,5
"And then you're stuck on that medication for life, sounds like a scary trade-off.",2
Heâ€™s going to the Bengals at 11 and I hate it so much,0
Because in some cases parents are basically having their own children kidnapped and held against their will and forced into these programs. This is child abuse.,1
The UN said the election was a sham. The man is causing death destruction and starvation. Your morals are completely and utterly fucked.,4
This just reminded me to continue designing that bloody website.,0
When [NAME] pisses off his daughter and wife. Daughter: â€œYouâ€™re not my Daddy anymoreâ€ [NAME]: â€œYouâ€™re not my Daddy anymore eitherâ€,0
Holy shit thatâ€™s nothing,5
Oh god another injury,4
"Yes, you selfish prick. ",0
it's hurting my heart :( why did you leave me,4
You need to recheck your science. A simple Google search will yield research articles showing a biological and genetic basis for being LGBT. Happy reading!,3
Wowowowow!!!! Iâ€™ve been campaigning for [NAME] too!,5
Happy cake day to him,5
"Happy? Not really, but glad we can come to a conclusion to my offhand semi in jest reply.",3
Lmfao lonzo? That guy is not nba talent. World is gonna spank that ass,0
"Had one good year that was it, then joins a god squad that struggles to qualify",3
Thats absolutely disgusting.,1
"Wow, 5 downvotes in 3 minutes. Go you!",5
One dumbass who hasnâ€™t watched Hereditary complaining about meaningless awards on the Internet means... eh. I lost my point. Go watch Hereditary,0
What the fuck is this about?,0
Don't include me in this us! Just kidding.. We need some love and fast.,3
Are you fucking serious? Thatâ€™s a foul??,0
So creepy. Made me check my locks.,1
[NAME] I hate my hometown,0
You shut your mouth,0
Oof thatâ€™s terrible,2
I would hate to see another [NAME] situation where [NAME] gets hurt again because he wasn't fully recovered.,0
I know a couple of people who are. It's amazing to watch.,3
Must be a tough life when all you can think about is sad stories to keep you from enjoying anything.,4
"Do you have any non anecdotal stuff to say or? Also burden of proof is a thing, you made a claim, prove it or fuck off",0
Toxic feminism is ti blame,0
so glad we picked this guy up. was absolutely terrified when we played against him. dude was in the zone.,3
I was there in 89-91. Some of the best years of my life.,3
"Wow, you folks sure are salty about losing the midterms! Pathetic?",4
I'm using mine on the Consumer Cellular customers that come in mad at me because they have to set up an Apple Account to use their IPhone.,1
"I'll pass the ""I'm not crying you're crying!"" part. Yeah I'm crying. ",4
That specific block is probably one of the worst in the city.,1
You're disgusting,1
"Exactly. Weâ€™re only here for the money, assholes. ",0
She is probably cheating on you. :(,4
"It would be mostly home-grown terrorism, angry at all the people fleeing from overseas terrorism.",0
Ah yes I used to enjoy those. Before the dark times. Before the days of a FOX less Netflix.,3
This is one of the worst I've seen...,1
You should've smashed his head into it.,0
no one cares my guy,4
Maybe [NAME].,0
"Gross. I hate using those reusable cloth ones because they retain smells. You've got cats? I know, I can smell them. ",1
I don't know any but my own I'm afraid.,2
If thatâ€™s true itâ€™s very desperate. You would think he had some better way of communicating.,4
Because the hierarchy is afraid theyâ€™ll get burned.,2
"Not at all. It's great of course for financial reasons, but it then makes me worried about how much time she'll have for a relationship.",4
"Matchroom squad dismiss [NAME] as not existing anymore, the sky media influence is scary ",2
"Unfortunately for you, no one of importance cares about your absurd views. ",4
"I provoked by breathing too hard. And yes, I hate that. ",0
Fuuuuuck. Thatâ€™s the worst Iâ€™ve seen.,0
Surprise my what now?,5
"Glad you enjoyed man, yeah it was pretty spontaneous too, I was praying I wasnt about to pull some bartard move and get jammed lol.",3
I'm here again to say I love your art and it brings me joy when you post it on this sub bye!,3
"College is a very lonely place. Very stressful, very lonely. [NAME]. Good luck out there man.",4
They have directly targeted civilians. It's disgusting.,1
"-30Â°, then again I'm only 16. Been a while since these temps have come around so it's not pleasant.",1
Someone with erectile dysfunction already can't (conventionally) orgasm. What the fuck are you talking about?,0
This is creepy.,2
"Paraphrasing [NAME], this brought warm feelings to my heart.",3
Sorry you had to live there. Good news is they are demolishing it in 2020.,4
Well the good news is once all the boomers die off you won't have any pesky old people to blame anymore.,3
"That's horrible, good to know she is with an awesome guy.",1
Yeah thank you you ungrateful bast.....,0
Well [NAME] made me laugh,3
"[NAME] funny, girl.. not so much ",3
"""Here's your fucking well done with pink in the center [NAME], jsut like youre stupid fucking table wants!""",0
Good luck and have fun,3
"Honestly, I'm just happy I got traded to you guys, rather than a team like the Leafs or H*bs",3
Right now it sucks ass I gotta squat in snow in the freezing cold in the back yard of my apartment complex holding a little bong,1
If it's true i'm sad he's leaving but I wish him nothing but the best.,4
"Congrats! Enjoy a free slice, I think you know what to do with this ðŸ•",3
Oh hell no,5
[NAME] wept.,4
"If I ever see that in my area, that will be a bullet to the head. Fuck Reddit's rules.",0
"It will be carefully tailored to piss their parents off, which I will enjoy greatly :-)",3
"My ETL been trying to tell us every box should take us 30 seconds max, and everyone ive asked about that has laughed and called it bullshit",1
These refs are remarkably terrible tonight. So are the sabres but wow some terrible calls.,2
I'm glad you have someone to help you out! Perhaps over time you'll find it easier.,3
I'll be surprised if *Monty Python's Life of Brian* wasn't one of those.,5
Well that's disgusting,1
Sign my name to it too lol it was so awful we deserve pain and suffering for that!,1
"""Moose killed my parents.""",0
This made my rainy day,3
"Some people just need reassurance that they are, in fact, dumb. ",2
Ouch. Hurts because it's true.,4
Feels good man,3
"What was that behind the back nonsense, criminy. TO THE BENCH",0
Threatening to drive your sisters into the ocean is illegal. It's called making a terroristic threat or menacing and can cause her to lose access to your sisters,2
Wow they got them [NAME]? Those US agents are some lucky guys,5
Iâ€™m sorry but [NAME] has better memes,4
> pushed all of them Hey dumbass you pushed the emergency button,0
"Really? wow. I just reinstalled chrome from scratch, again. So it was Ghostery that caused the full screen issues?",5
At home with a viral infection right now! Praying for death and to the god of paracetamol. Ugh.,4
"Yay, coming out is hard, you're lucky that they didnt avoid you for the next month, I'm happy for you",3
i hate [NAME] and 20 good men,0
That was what was most nauseating for me honestly. Not a single period used once.,1
"Well that sucks. But still if you refuses the test you'd probably have been charged, which is worse.",0
I didnâ€™t know Iâ€™m sorry,4
Cheers for the reply ;),3
"None, I know nobody or have anyone nearby who can help.",4
"I binged that podcast in about 2 days at work. Amazing. The convention for Limelight, and how emotional they got for those poor women was heartbreaking.",4
Baby rape. Canâ€™t make a funny joke about it.,0
"Any one of us could be a journalist, and that level of journalism feeding the masses is mildly scary.",2
How tf do you not expect people to find them they're the first things that show up when you search joji,0
Don't you're making me paranoid man,2
Isn't she like a worse version of [NAME]? I always hear from everyone that she is pretty trash.,1
[NAME] will love [NAME]. I wonder what the deal will look like if it happens.,5
Wtf? Really?,0
But but r/49ers said it was just bad luck!,4
If this is serious mate itâ€™s not the kind of shit you should be posting on reddit,0
I had the biggest smile!,3
"Anti-vaxers aren't funny anymore, now they're just scary...",2
NEVER RUNNING FROM A REAL FIGHT!,0
"I LOVE IT, I would love if they will make season 2... I really enjoyed it",3
As a Florida girl I have no clue how you all have not died. I could never live there.,5
So what you are saying is that you are not a serious guitarist is you use finger guards?,0
I miss [NAME],4
Unexpected Hail corporate.,5
Reading this made me happy and I don't even know you. Keep doing your thing!ðŸ™ŒðŸ¼,3
I wanna die!,4
"This post made me smile, cute doggo ",3
Girls screaming alone gives me horrible flashbacks,1
Wow... Iâ€™m so glad that my dog is lazy like me.,3
This really tickled my anxiety. I hate it,0
"That may be â€” we are talking about the stock market, though. :)",3
This caught me off guard for real. I actually off my bed laughing. +1,5
cause he constantly hates on [NAME] for no reason other than Petry having the puck on his stick more than anyone else on the team,1
Donâ€™t I know it! I canâ€™t believe this breading station thing is so enormous.,5
Beast milk. My favourite!,3
"Oscars are trying to be more hip and contemporary now, so don't be surprised if [NAME] and [NAME] win. ",5
-9 and Iâ€™m out shopping. Sun is out feels great.,3
I heard the ostrich was sick.,4
"ah, it does me heart good to see NIMBYs in the wild",3
Surprised he's in. Imagined he was concussed. He was on another planet for a bit.,5
It smelled even worse than it sounds. You learn just how quickly someone's feet can rot and really stink up an entire bay.,1
Why is this still not banned,0
Canâ€™t believe a club paid $550k for Sandow thatâ€™s absurd.,5
I do remember this and wanted nothing more than to kill that guy,0
Omfg. I meant [NAME],5
"A horrendous amount of Sesame oil, god, that would be awful.",1
Can't relate because the sadness and loneliness is constant ðŸ˜Ž,4
That's way dangerous to keep then together they may break out and start feedig on the other ear buds to gain heir strength,1
"It's good though because itll make you cherish the happy times while youre in them, instead of lookinf back on them.",3
Holy shit bro,0
"Dude, its **life** it's not **trauma**. Grow up ",0
Just reading this makes me sick,4
I remember running into teachers at the grocery store or whatever when I was a little kid and having that same feeling!,3
Disgusting of you [NAME] you filthy who're you pedophilic scum trying to beguile our children it's not gonna work I got [NAME] castorated,1
Watch the FO not sign anyone. That would be the most dodgers thing ever.,1
"Im hoping for a relapse too. I like her better, her hair gets darker, her leather jacket comes out. I miss private practice [NAME]",4
This is terrifying,2
I was there on the opposite side of the field. I did not believe he made that catch until we saw it later on tv. Unreal.,5
Yikes. This kind of freaks me out.,2
"Oh I thought this was about the Pistons making the playoffs. Since I wasn't paying attention to them, I actually thought it was possible. Ahahahahaha!",5
Read divorce busting and kill all marriage counselors. As much as it sucks...youve been given a gift by him giving you time.,0
Fcking disgusting.,1
It is genuinely hard to imagine what the Magic basketball experience will be like when these two legends are no longer in their roles.,4
"Itâ€™s not unlikely that his family was already imprisoned or dead, which gave him the window to run. ",4
Just get him out of my sight Iâ€™m tired of losing and those who contribute to it,0
"Yo where they at, I want to celebrate with them.",3
Please post any news you may find about her fate. This is so sad and so wrong. We need to know what happens to her.,4
I have the worst memory ever. Idk if it's from all the weed I smoked but I also have a blank mind like all the time.,1
"Lol, right? Who says that before banging? â€œIs you ovulatin?â€ SOOOO repulsive. ðŸ¤®ðŸ¤®",1
THIS IS TRAUMATISING,4
Wack. Oh heard some 17 year olds are doing it too.,5
What a game.,5
What a horseshit response,1
"Thoughts and Prayers... Go get fucked, fascist redneck scum!",0
"This is something kids do on their twitch streams to get subs, pretty sad.",4
Yikes I cringed hard,5
Wow you really canâ€™t handle losing can you?,5
"Cheers to that, girl. ðŸ¥‚ ",3
"How dare you, she's in your flair too!",0
"The wage, you Fucking troll. But you don't care do you? See your post history.",0
Happy MLK day,3
"Iâ€™m scared of shots, but Iâ€™m more scared of dying. What Anti-vaxxers are scared of is autism",2
Glad someone brought that up.,3
"Firm, but gentle. Baby hamsters or live goldfish. Soft female hands caressing my balls is a wonderful feeling. ",3
All the people in this thread are fucking disgusting,1
you dirty karma theft,0
No because thats stupid,0
Lol I hate this too!,1
This is exactly what it's been like. I feel personally victimised by it all,4
Enjoy it! You have a good one for your first!,3
shockingly close to reality.,5
I wondered the same thing. I never knew that this is a thing.,5
Keep going man. Iâ€™ve been enjoying reading your posts. All the best!,3
I really like this ring so Iâ€™m glad to hear that.,3
I'm just really sad all that cake was wasted.,4
What a beautiful memory for you to have found. So sorry for your loss â¤ï¸,4
You give me too much credit... That comment is as trash as the meme,1
"Wow, really have to hand it to you on knowing 6600 S Harvard beautiful big old homes down there!",5
Honestly his post was a little sad. The fact that it got upvotes makes me want to avoid this sub over the summer.,4
Yeah that was inexcusable,0
"Omg actually?! I mean no judgment , I am just SHOOK ",5
Offense does too. Love [NAME] but he's hurting our spacing being out there so much.,4
Man I love this team. No I hate this team. No I love this team!,0
woah this is a reversal of the norm you took a meme from instagram to reddit,5
Wonder if itâ€™s possible for [NAME] to engage with a polite fan in a magnanimous way.,5
I for one am happy for [NAME] ballin out. Now let's go win this game !!!!,3
This a very obvious joke. Also the old facepalm picture doesn't make your post better.,3
Way to go! I know who this couple is! they appear really happy!,3
"Weâ€™re used to crazy cold weather but this is much worse, a lot of people are just staying inside till Thursday.",1
Personally really enjoyed it. Have it in my top 3 AC games with AC2 and Black Flag in there too.,3
That's quite a lot worse tbh,1
"Sad, but American",4
Wow. Did u say yes?,5
The bitch doesnt need drag race (bc shes amazing) but im still sad.,0
Sorry to hear about that and hope you have moved on.,4
Outrage over something that isnt even true. Thats sad man Edit: well the bandwaggoning part is true,4
This makes me so happy!,3
Yeah... THEY are the one looking for attention. This type of comments should be ignored. I hate troll comments.,0
"Hold my wine, I have to go vomit in sorrow. ",4
My wife would say that all of the above and another dozen more are cheating...and she wonders why Iâ€™ve fucked other women...,5
"Just like that fucking idiot that was just trying to kidnap that woman, and chased her into a Karate studio... turned out just about the same.",0
"I'm not saying to hate them, I'm wondering why this sub just started worshiping them.",5
Sorry you canâ€™t enjoy things cause other people enjoy them lol. Your loss,4
This just makes me feel inferior at this point.,4
Terrible shade of lipstick she's wearing...,1
Oh of course!,5
Hurr durr everyone needs to worry about other peopleâ€™s problems,4
Officially worse than Telkom. Well done vuma,1
"Haha, some days I channel Dory from finding nemo- ""Just keep swimming, just keep swimming"". Glad to hear you have a break coming. ",3
"I love reading positive stories!! Happy for you, OP!",3
"I never understood the part where he dives into a pile of money, even as a child. It seems wildly painful.",4
"Thanks, I find your poor implementation of punctuation to be very amusing. It's good that there's something we can enjoy about each other.",3
"I've said it before, and I'll say it again. ""I don't want fucking unity with racists who put children in cages"".",0
"Surprised to not see Three Arrows on the list when he went from no videos at all to over 100,000 subscribers just in the course of 2018.",5
Scary stuff.,2
"Yeah, sadly, looks like this champ will be pretty opressive. ",4
"Yeah I know what you meant. Fuck the police, most of them are vile pieces of shit, they deserve every kick in the back they get.",0
What a turnaround.,5
"I donâ€™t really have much to say. Thereâ€™s a bad idea, and thereâ€™s straight up disgusting.",1
Meanwhile my sister wonâ€™t even hug my goodbye when I drop her off at school.,4
I'm happy I live in a country where machete attacks don't have to be a real concern.,3
"This makes me very happy, thank you for sharing!",3
I was just gonna say this look like fake karma.,4
Couldn't have happened to a nicer person.,4
I'd rather die than drive a Volvo!,0
THIS MADE ME CRY,4
I live downtown and walk around at odd hours of the night all the time. Love the empty and abandoned feel of the city.,3
Are you daft ... ? That is and always has been the proposal. [NAME] don't listen and don't care though. Fucking dumbass.,0
This is the worst take I have ever heard on cooking ever.,1
Glad he survived or it might have become a *dead*lift.,3
He must smell terrible when he sweats. That's honestly pretty gross.,1
"It is so ugly I felt personally attacked by it, what can I say",1
"I stand corrected. As I said, wonderful charities. I will always enjoy GDQ, just not revalant to my experience.",3
Your link won't load and are you seriously citing fucking Syria as a successful example of anything? [NAME] holy motherfucking pecker.,0
Well one of them is a dirty kimono wearing weirdo,1
"Wow. Forget the separation, lawyer up and go straight to divorce. ",5
I don't feel so financially secure,2
"ðŸ˜‚ i need one too iâ€™m on break and honestly my life revolves around reddit at this point, cake day is special enjoy it! ",3
"I've tried the ""peanut butter""...I almost vomited. NASTY! It went straight to the trash.",1
[NAME] FIRED.,0
Except [NAME] still went with the happy ending instead of ending it at the Aningaaq scene.,3
YOU LIKE TURTLES? Gimme a second.,0
"""You can't stop me"" Ah yes, those playful words when referring to a sexual act...",0
Wouldnâ€™t be shocked for a lot of those guys to follow him to TB.,5
I feel so bad for [NAME]. It was probably hard to concentrate on this match with the things going on in his personal life,4
"""This droid has a bad motivator.""",1
I would play the fuck out of this game,0
"Those are different, you don't tie that shit to the weakest part, they just stay on there by magic",0
"Wow, so he was pulling his own little mini [NAME] scam. Explains why he couldn't use your reporting tool.",3
I'm really happy he and [NAME] are finding success,3
"This happens to me all the time Iâ€™m so sorry ðŸ˜£ itâ€™s always with burgers, too. So painful. ",4
"BEN ""[NAME]"" LOVEJOY!",0
I punch them in the throat before they get the chance to speak.,0
"Very cool toys, very cool video, very cool hostd",3
">the decades after WWII That includes 1950. If you want to insult me, read your own fucking post first",0
Try wearing something unattractive when that student is around.,2
"I want to go scuba diving so bad, but swimming in anything bigger than a pool terrifies me.",2
i actually laughed at that lol good one man,3
"Wow look at this deep pockets eating a lentil a day, I have to slice mine to last me a month!!!",5
I enjoy that general area. Sections 203-205 are good sections pricewide and view wise,3
"I mean, a lot of animals I've seen get terrified of regular stuffed animals, imagine having your fears super sized like that",2
I do not trust our defense at all. I do not believe you can increase the range of Andujar.,5
a weird way to spell Boys Donâ€™t Turbo Grafx 16,1
"sadly it would take wayyyyyy more than this to ever change custody agreements. documenting it for her own sanity is a good idea, though.",4
"It was SO hard to click the upvote button on this one. It's one of those ""I hate it. Well done"" moments.",0
This is amazing. WTF.,5
"I doubt people are *happy*, but they probably arenâ€™t sad about someone who was potentially endangering others through their anti-science views.",4
This has to be a joke...,5
I just want to live. You're the sad loser for going out of your way to comment something so completely stupid,0
I wanna die I don't wanna live anymore I really wanna die so bad Please return me to the dark abyss I long for deathâ€™s sweet kiss,4
"You look the same to me, but I'm happy you had a goal and accomplished it!! You're a cutie !! ",3
Maybe so. Should I try to ask her about it? I'm worried that will only scare her more,2
This is garbage. No. My garbage has more compositional worth than this. Hipster pepto bismol vomit looking trash.,1
Going to my favorite greasy burger place in Madison tonight to celebrate my ability to eat delicious burgers whenever I want because I'm in my early 20's,3
Iâ€™m always reminded by my relatives on my birthday asking me if I have a girlfriend yet. Sorry bro ima yeet out of the social norm.,4
I live in Canterbury haha,3
Happy Together. It feels so natural.,3
Glad I tend to post pics of my cats and not myself.,3
Itâ€™s always nice to say something [nice]!,3
Oh hell yeah,0
i'm enjoying this so much,3
I donâ€™t like [NAME] in the slightest but I hate [NAME] even more. Get her Belcalis,0
Kick him out. Overgrown baby.,0
"It's like an Arts school but with dangerous, easily weaponizable spells being flung all over the place!",2
I do this but but feel better in the end because I use it for procrastination. It's a weird combinational to feel better and worse while cleaning.,0
Such bullshit. Reloading components included? Not that they'd let that stand in subsequent laws if it is.,0
Thank you so much. I am sorry for what happened to you.,4
Found my flair.,3
Way too much fuuuck,0
"As an [NAME], I apologize for the cranky old conservatives who are probably making ridiculously uninformed comments about your country right now :/",4
Why the fuuuhhh,0
"I haaaaaate vanilla scents and they are a 100% NOPE for me. I wear more neutral/woodsy scents and boyfriend loves it, so win.",0
"I will say that her housing bill left a very bad taste in my mouth, and this is coming from someone with a very high opinion of [NAME].",1
"This hits hard, sadly both of my relationships have been toxic so I've decided not to start any new ones until I start going to uni ",4
The USA welfare spend is quite low per gdp compared to first world countries. The safety nets are ridiculous or nonexistant and the inequality is ridiculous...,0
You don't really work for the TSA if they aren't paying you. You are a slave. Go home.,0
Itâ€™s shocking isnâ€™t it? I paid less for a flight from London to Manchester than it would have cost for the train.,5
I'm more worried about it randomly saying daddy across the top ... Like that's normal,2
Its hard to explain i feel everything is distant.,4
"Seriously, it really made me happy! I hope when OP scrolled through she felt a little tingle of happiness too.",3
I always move back and always regret it.,4
"I knew you had kids, i didnt know they were old enough join the military lol. Well happy bday to your son, dad. ",3
That all-star who won the calder,3
Enjoy :) You won't regret it. The first couple seasons will be a little confusing but wiki helped me understand this show a lot!,3
This is a hate sub,0
I was JUST thinking about how much I enjoyed Swalla la laaaa last night too!,3
They are all good right now. Pick the one that interests you and enjoy yourself.,3
I'm just glad we'll be getting either [NAME] or [NAME]. They both seem like they'll be beasts and it'll fill our greatest position of need,3
"I see notifications of people commenting the source but this sub must auto delete or something. Sorry, guys. I binged her and found me quick though. ",4
I know it's like this hipster phrase it's so stupid like you're not from the south you dumb motherfuker.,0
what the fuck do you learn in first grade thatâ€™s so important anyway?,0
">Have a good time debating the people in your head, looks like you're having fun.",3
I am [NAME] total lack of suprise,5
Leave they don't deserve you and you don't need those sacks of shit,1
The uncanny valley of creepy.,2
Itâ€™s a cruel thing to say to someone with depression.,1
I wish I could be desensitized to my sadness sometimes lol,4
"What a horrible way to find out, though. My sympathies to the dead man.",2
Oh my [NAME] yea!,5
I'm [RELIGION] and I'm disgusting lol,1
It was received on Jan 25th at 9:22 am .81627 BTC and $3800. for it with a $600. fee. Happy!,3
Yeah well first god says itâ€™s an abomination. Also if people find out everyone will hate me and my parents will be extremely angry,0
Ded game we should be happy we have a new hero,3
"I'm shocked! Shocked! Well, not that shocked.",5
Ironically every /pol/ meetup is more diverse than the people pushing diversity and race mixing. Weird how that works huh,1
His smile is so damn creepy,2
"Just spend the next few months emotionally detatching, it makes the break up less debilitating.",4
Got damn look at that body,5
I would say make it NSFW but I won't joke. We don't work here,0
"BOUNDARIES. have some boundaries. say no. don't go. this is frustrating to read, honestly. don't do things that you hate doing.",0
"The constant pressure definitely isn't helping. I'm already on anti-depressants, but I am terrified of PPD.",2
Yea this past season her outfits were horrid,1
Wondering why this hasnâ€™t been made a thing yet ðŸ˜‚,5
"I just rewatched season 5. My god, I had forgotten how horrible [NAME] is. ",1
These were one of the worst commentators I have ever been forced to listen to. The jokes were so cringe-worthy.,1
"Omg enough of all the damn hashtags, itâ€™s not 2016 anymore",0
Saving this. Happy 2019 to ya!,3
wow - resonates with me.,5
I literally cried out IS THAT MATT BERRY?!?!?!?!?!,4
Damn. As a [NAME] [NAME] I fear who the last Greek restauranteur in this death triangle will be :(,2
"Take a note to PM me if you do, I'll happily pay for one!",3
trailer fabulous!!! i miss it,4
It's going to get awfully dark and cold at night.,1
His music is bad starting with that yeezus album,1
Calling (some) media the Enemy of the People and Fake News - is that not impeachable in a non-bizarro world?,0
I didnâ€™t know [NAME] disliked Pittsburgh so much,5
Honestly? I dont know. My parents told me that itd be seen as suspicious,5
"If you have schools in your city, I got bad news for ya champ...",4
This is some of the worst passing I've ever seen.,0
"Wait, what? [NAME] wasn't allowed a *bank account*?",5
AS..... YOU.... WISSHHH!!!.. Inconceivable! My first ever silver. Thank you kind stranger.,3
"Glad to see you were able to get this worked out, thx for the update! ",3
" looks unreal, like it's a toy or something.",5
"The attraction and the action are two separate things, and you know that. No one chooses who they are attracted to. Stop it. ",0
Donâ€™t blame us because youâ€™re a dumbass..,0
Oh my god are you [NAME]? If you are I am huge fan. I completed the IX EE earlier today using your guide,5
. . . Wait a fucking second,0
Oh wow I forgot [NAME] and [NAME]. I have not read it.. have a link?,5
"One post, 155 updogs. I've seen this raw power only once before.",5
"For the people and finding out how they end up? Sure. Other than that, itâ€™s not great. Frustrating at best. ",0
>cat beby the fuck is wrong with you,0
I'm not being told I have issues by a guy who actually and genuinely has an interest in coprophagia.,1
Things were significantly worse back then than they are now.,1
"America is not a country, it's a fucking business. if you have zero money, no one cares about you.",0
WHAT THE HELL!,0
Oh. Sorry.,4
Oh wait that's tonight?!?! Totally watching ðŸ˜Ž,3
they dont pay shit,0
yikes i thought it was just a joke transformer [NAME],1
"Weirdly enough Salad Fingers is one of [NAME] weaker animations, highly recommend â€˜The Unfixable Thought Machineâ€™",1
happy new year buddy!,3
"If y'all didn't like OKC before, you hate 'em now.",0
16-37 and 25 fta. [NAME] is so fucking overrated. Volume chucker/flopper in a fast paced no defense league.,0
Wasnâ€™t it 99% of the WORLDâ€™S population? Like how in the fuck is that even possible...,5
"If she deleted your Snapchat just because you showed up to a bingo, then it seems she's a bit of a bad person",1
"No, the full video shows that the kids surrounded and berated the native elder man ",0
"YAAAS! Even though you're a stranger on the internet, this has made my day.",3
"Today's Recaptchas were fun. I'm very good at identifying store fronts, apparently...",3
Cheers lad :),3
"Thank you for writing this, for letting us into your world so that we can better understand our own. I am very grateful for this gift.",3
The only death that made me feel any emotion. And it wasnâ€™t even the death itself.,4
Omg didn't even think of that! So clever! Yes!,5
The third period is going to be uncomfortable and I preemptively hate it.,0
"holy shit that's bad, maybe the extremist right can't meme either?",0
I'm saying your question is irrelevant to the post's topic. Stop being passive aggressive.,0
To be fair how often has someone drafted in the top 5 not immediately joined the team.,5
Oh my [NAME] I just noticed this too! I just rewatched it recently and noticed him just drinking some tea next to [NAME] and [NAME].,5
[NAME] has been a pleasant surprise,5
"Omg, unbelievably scary. Insane ",2
Thanks for your kind words. They made me tear up a bit.,4
I think the biggest fucking thing is that apparently reaper has a goddamn family himself.,0
THATS WHAT SHE SAID...HAHAHAHAHAHAHA!,3
"Nihilism makes me happy, but I know thatâ€™s just my opinion.",3
"[NAME], what? That's pretty hilarious and disgusting. ",1
Glad I took the 1st half spread,3
Fuck a newspaper,0
Iâ€™ve never heard of a vet adopting out pets before.,5
Still is glitched to this day.... sad,4
I enjoy gameplay grind. Don't shoot me lol.,3
"Wow. These people really deserve some *clove*, especially on subshops.",5
Yeah he's a cunt but that doesn't mean he should be prosecuted for a joke. No matter how bad taste it was.,1
Youâ€™re so perfect :),3
"Bro, he left his team in the middle of the game... idc what argument you have with [NAME] you still left your team.",0
That partially explains why season 4 was such a fucking mess,1
"Yeah, he does. Just because he draws different conclusions than you doesn't mean he isn't reading [NAME]. Get out of your little bubble.",0
â€œThose floors with *that* paneling? Ugh! Disgusting!â€,1
">They played three games in a week three separate times. [NAME], that's absolutely brutal",5
Fuck so obvious,0
So you then took that lie and began aggressively cheating on him? Your post history. Wow.,0
"Really visually haunting though. For me, it makes me think of strange alternate futures and dystopian sci-fi worlds. ",2
"Aaaand I'm still here. I don't have a alt account but whoever you reported I""m sure is alive and well. You're terrible.",2
Can't stand having sex with you...?? Just horrible thing to say... You deserve better!!!,4
i never thought i would read the phrase 600 lb cinematic universe but i am glad i did,3
Im so sad how that movie turned out. We could have achived something good,4
My condolences.,4
I beat my dad,0
Except forming an opinion of a topic without even having basic knowledge of said topic makes you sound pretty arrogant and entirely undercuts your opinion.,0
Glad I'm not the only one,3
Worried me there,2
Hahahah this is awesome.,3
The music caught me off guard,5
"I gotchu bro, house By Gucci Mane Iâ€™m a huge Gucci mane fan. ",3
Help me [NAME] I'm bully in high school for no reason.,2
that was so sad :(,4
I thought that type of camouflage failed horribly because the high contrast and defined shapes made the ships really stand out.,2
I'm literally screaming.,4
Weird as I do know I've seen CoC waste/recycling services trucks picking up bins as early as 6:30AM.,1
No you are providing more than enough evidence. Post histories do exist. Now fuck off.,0
> he might not have seen the truth by the time he had posted the video That's kinda the *whole fucking problem.* Fake Motherfucking News,0
What the hell kind of university schedules a class at 6am?,0
OMG... Dad!,5
You're an idiot and no one believes you and your telegram jerk-off buddies.,0
Damn [NAME] is KILLING it,0
I recently got a job that I wanted so now I don't have to live paycheck to paycheck.,3
Sadly no... Iâ€™m in Delaware ðŸ˜©. But Iâ€™d love to help in any way I can. Keep me posted. ,4
Sadly there's a good chance that you still need a car anyway because that affordable neighborhood will involve a one hour commute.,4
You fool! Now look what you've unleashed!,0
Guice was a fuckin monster.,0
"Unfortunately, successful and rich people blame foreigners too :(",4
When you insult someone you might want to start by insulting them to where they can understand what you're trying to say...who givES A fuck .,0
I'm surprised he survived the primary.,5
The altcoin thread!? This is the first time I've seen it in 6 months.,5
"The only ignorant person here is you, and the Pope who makes the same baseless claims as you.",0
[NAME] is a MOTHERFUCKER,0
This response is highly unexpected yet logical. Iâ€™m fixin to chew on it for a spell.,5
People are disgusting and insane.,1
Quite enjoying this tbh,3
Damned asshole trouble maker!! Someone has mummy issues. ðŸ‘€,0
I am shocked they donâ€™t have a vanity plate that reads â€œBeer Cheezâ€,5
Soooo [NAME] is f**ked,0
Wonder what [NAME] [NAME] thinks about all this,5
Is this a real thing? I'm a terrible stoner.,2
My dad wears that sweater every game day! Itâ€™s in much worse condition however,1
thatâ€™s awfulðŸ¤£ðŸ¤£,1
Stop being disgusting. I dont know if you know this but all dogs are naked.,1
Goddamn. I'd tap the fuck out if I was that other guy.,1
It's honestly the best news I've heard all season.,3
I can't imagine buds being very hard to find in Hawaii,5
I'm surprised that this is still happening despite the threats of an invasion of manbij.,5
"It would be a surprise to be sure, but a welcome one.",5
What the frick. I ordered a x box card,0
"Tranlated: Wooooo be afraid of the spooky ""shadowban"" so don't do the thing that gets your message to a wider audience. Smh",2
I honestly miss [NAME],4
"Calm down snowflake. Comment stalking from a week ago is really sad, especially when you're whining about something that I'm 100% right on. ",4
thats even scarier haha,2
[NAME] is always the dirtiest psychopath,1
Isnâ€™t it the worst feeling ever?,1
Feels good getting a number next to our name again.,3
Wow. Did not realize [NAME] was a top 20,5
[NAME] is such a disgusting champ to play against ....,1
That and heâ€™s sneaky dirty,1
So this is how democracy dies... With thunderous upvotes.,0
"The username makes it even better, sucking a dudes toes, who is [NAME]. Man I'm jealous ",0
I want someone to take me to the hospital,4
Fuck [NAME] pai,0
I admit Iâ€™ll be fairly happy if we continue to invest in young internationals and sign a $100+ mil free agent every offseason.,3
Any rap song because I hate it,0
Thatâ€™s horrible. What country? If you donâ€™t mind. My [NAME] was abused by her heavily religious (Pentecostal) father.,2
I wondered where the quote about â€œsupporting your azzâ€ and was very pleased to finally find the train wreck that said it.,5
Reacting to [NAME] at this point just makes me feel worse about the artist.,1
> punishment for saying no to rape Surely if you wanted to rape someone you'd have to punish them for saying yes...,0
What the hell was that,0
You are fucking retarded,0
Filthy birdbrain-loving scum barely deserve the bullets needed to boot them off the mountain. Moreiya 4 life,0
Lost finger how?,5
Your manager sounds like an idiot. Not saying he/she is. Just sounds like it from this.,0
"Wow, season 3 is actually out already. Need to check it out",5
"My adopted daughter told me, ""You can't tell me what to do. You're not my dad."" While true, it still stung.",4
"You can't post a Sons pic and then say ""I got this"", that just hurts.",4
Congrats!!! Happy for you.,3
the most romantic thing that can possibly happen to me,3
So happy for you :),3
"BT In the commentary booth: ""Where's your god [NAME]?"" As she's being mauled by a lion",5
Don't know how that was missed. Tragic really. Considering the title.,4
I donâ€™t know why but watching this makes me super happy!,3
One of my worst nightmares. Ugh.,2
My wife is divorcing me because I glued [NAME] face onto all of our family photos He looks good with her body,4
Your point? That doesn't mean it had 2 of EVERY FREAKING LAND MAMMAL on it!,0
Sending love and strength vibes <3,3
My poor space bar takes an awful bashing with all the pausing in a Squidge vid,1
"Every time I get a staff kill, it feels like seeing a shooting star <3 Yeah, it definitely sucks.",1
I hate these memes because [NAME] never cared if he did or didn't have a nose.,0
The miracle was just that. Because we all know the Vikings would fail the next game.,5
"No problem, glad to help.",3
Organizational Change Manager and I fucking love it and have for 7 years. Still enjoy going to work every day.,3
Of course he will lie cheat and steal to make him self relevant to the public. Horrible person.,2
[NAME] is a hungry little bastard.,0
"Awesome, let's celebrate! Send the free pack over here ;)",3
"And there you have it, the left who argue with personal attacks and cnn buzzwords.",0
Iâ€™m going to die right now Iâ€™m so scared tears and snot everywhere,2
"Because they enjoy their toxic umoderated cesspool, apparently. Either way i'm done trying to care.",3
"You must be ecstatic, I'm really happy for you.",3
"Honestly, fuck [NAME] after the bounty gate shit",0
"By law, China must accept the South China Sea ruling, period. Stop trying to help China weasel out of it. ",0
"Weird flex, but ok",1
Definitely fake. Looks like bad CGI in a movie.,1
Me me big sad.,4
[NAME] is fucking destroying Bama and I LOVE IT,3
Hey what a coincidence so is a human head!,5
> you're probably a little bit of a closeted nazi yourself. I'm just SHOCKED that someone named [NAME] might be a fascist,5
I despise [NAME] and all his cronies,0
"If you feel like venting, I am happy to listen.",3
"Same, ASMR is nightmarish. My skin crawls just thinking about it.",2
This makes me want to get nipple piercings but Iâ€™m too scared to :/,2
Love the gif but I bloody hate these kinds of captions. It's as annoying and cringey as a fully grown adult doing baby-talk.,0
Glad to have you here :),3
Wow. That was deep. I hope you make out well move on and find true love. Be strong,5
I'd piss right on their floor. Fuck this.,0
Not really cringe. Just sad.,4
Wow! Congratulations on taking your sex life back! Nice to wake up and see such positivity.,5
I've always wondered how much of this stuff doesn't end up on the internet,5
You'll miss a begging old man asking for a spare coin. RIP,4
Happy Mic Day!,3
"Happy that you're happy, and good to see someone highlighting the good parts! Any particular streaming service you're looking to get? :D",3
Can't believe [NAME] has been in the league that long...,5
Tell your husband. Its lies by omissions. Who are you to pick and choose what HE wants to know.,0
"That's the problem I'm pointing, the media use stupid clicbait names and people get dumber and dumber.",0
"Deathly afraid, the undersides of boats too. I can't look if I see them in a picture or movie",2
Also Strike Anywhere. This thread makes my heart happy. <3,3
I'd smash,0
Glad you came to your senses. Go feel uncomfortable about Lola bunny in Space Jam again.,3
These memes are either on a 9gag level or r/funny levels of comedy. And I can't tell which is worse.,1
Well 216 is out now and Im crying. [NAME] why?,4
[NAME] is not good enough to get that angry.,0
Men are the worst.,0
BECAUSE THERE IS A SHUTDOWN ATTACHED TO IT! HOW DO YOU NOT GET THAT?,0
Somebody gettin fired,0
"This, in top of my already terrible mental health, is the reason why I'm severely underweight and need help.",4
Oh my [NAME] I almost forgot about the hot dr pepper in a glass glass made of glass,5
I mean...thatâ€™s quite obvious. Iâ€™m just left wondering what the other item is. 2/10,5
"[NAME] instead of [NAME] for me, but glad to see [NAME] is doing well.",3
"I pose you this question, ""How do you know [RELIGION] is not the right religion?""",0
I find that relatable: I too am terrified of myself.,2
Terribly sad story. I loved it.,4
"[NAME] fucking [NAME] are you done yet racist motherfucker, youâ€™re not helping society",1
"Not sure, I'm not good at expressing my feelings, and sometimes I get angry and say things that very hurtful",0
Cats are repulsive and they don't deserve to be pets,1
I'm sad for the bot. They only want a purpose,4
"> The porn that I downloaded was Brazzers produced. In case you don't know, Brazzers is ***anal*** about their IP. Ha get fucked.",1
[NAME] is phenomenal. Itâ€™ll be a sad day once heâ€™s gone,4
Left handers are rejoicing over this,3
My husband and I have been circling the drain for years. :(,4
This hit me with de good ol memories,3
I enjoyed this nearly as much as I enjoy too many pints.,3
Unfortunately if youâ€™re looking for game info about the Detroit Basketball team your in the wrong sub.,4
That is disgusting. He should be embarrassed.,1
My friends that were badly injured from the first fight. Read my backstory comment.,4
i curse you,0
That's a surprise from this guy.,5
"Waahha, ohh, they massawaaa... STOP IT. YOU CAN ACT LIKE A MAN.",0
[NAME] living her best life in Germany.,3
It's even worse when you get someone from NJ who has no clue how to drive in the city environment.,1
The fact you have to explain this at the third grade level is pathetic. People think somone preventing his own murder is a tragedy.,4
Gonna be sad when Gameday is inside a gym for shooty hoops. I already miss CFB :(,4
Same reaction I had last week when I learned that [NAME] was once engaged to [NAME].,5
"My fiancÃ© and I went to a friends house and just hung out until midnight and watched fireworks, it was so chill and perfect!",3
I have but I sugar discreetly and Iâ€™m genuinely afraid to have that compromised due to the field Iâ€™m in,2
Is...Is this a Hitman themed FE Shitpost?...I dunno whether to be happy or impressed by this.,3
"â€œGuys watch out, the scary looking kid is coming down the hallâ€",2
i feel like slapping /s after everything sucks the fun out. it's not my fault people are autistic.... /s,0
"I did! Never moving back, I love my life in the ""big smoke"".",3
I canâ€™t believe sb found this even remotely funny.,5
So much lonely,4
"That's weird to hear since in Hebrew ""Son of man""- Ben Adam, simply refers to humans in general.",1
Oh! Im also Chinese (Singaporean) and due to the laws here my boyfriend and i are looking to go elsewhere...,5
I have an issue metabolizing medications fast. I'll wake up during surgeries so they give me a lot of drugs.,4
Monero enthusiast here. Make me happy and call me a liar again.,3
Ooh you made them?! Awesome!! I hope you enjoyed them. 5 cheeses sounds like a great decision.,3
Weird but effective,1
I'm ugly and able to bump uglies with someone I can make laugh. Mission accomplished.,1
"I've have a serious fear of getting winded, this video made my balls fall off ",2
The comments on this thread are what I expected and that makes me sad.,4
"Nobel prize, u/Otomyre, Nobel prize! Iâ€™ll see you in Sweden!",5
"I want this back ""I want us back"" I missed the part where that's my problem",4
"If youâ€™re working out, juicy AF, and needing to pay for escorts you must be got damn ugly in the face. ",1
I honestly predict a riot on the scale of the 2011 ones if we undergo a no-deal brexit - possibly even worse. It's terrifying.,2
Oh man that hurt to watch,4
mystery solved.,3
>Make I've never hated a commentator more in my lifetime then him,0
Let's kill and eat them all. That'll stop those damned animals from deforesting my forests,0
"It was a terrible, terrible thing to do. He did every day of his time for it, has expressed regret, and has not repeated it.",2
I'm sorry it happened like that for you. I really can't imagine.,4
Yeah cause no man has ever been falsely imprisoned due to allegations proven later to be false,0
You've described my parents who have been happily married for 36 years. You are good dude.,3
"What a loser, sad. ",4
I'm afraid of having a sit down with them amd not being heard. But I might have to for my safety.,2
"Wow, who can afford this one? ",5
Oh hell no. Shes blind!!! No way in HELL is she ever being left alone with it.,5
"Too bad he went back home to Nepal, it's always great seeing these young spinners getting a go in the BBL.",4
"Wow, I don't know how [NAME] handled that",5
BASED AND REDPILLED,0
my parents did this for 8 years. apparently itâ€™s a lot of fun,3
"Really? Wow. Youâ€™re either hopelessly ignorant or youâ€™re trolling. For your sake, I hope youâ€™re trolling.",5
Now *Iâ€™M* angry,0
"[NAME] shot has been quite frankly terrible tonight, wayy too strong on most of his looks",2
Wow. This is messed up.,5
"Meanwhile, 1500 a day continue to die from cigarettes",4
"Omg. I just noticed that! Holy fuck, how does she smell?",5
And still our government is not responsible enough to pay its bills. It's rather pathetic.,4
"The reaction is incredible. Iâ€™m quite certain itâ€™s satire as well, but its impact is depressing as hell. ",4
The lack of stick skills [NAME] lacks is actually astounding.,5
I'm sad can someone make me feel better Feel like shit rn just want [NAME] back,4
"just apologize. what other advice could you possibly require? you fucked up, now deal with it.",0
"Oh, my [NAME] ",5
[NAME] just wants to post pics of her facetuned of herself for attention while acting morally superior to those other girls. fuck off,0
I'm glad you made a Reddit account to inform us how much you totes don't care bro,3
Iâ€™m kind of scared to talk to my manager about it,2
"[NAME] has been attacking the basket a lot this game,good to see.",3
Everytime I get to hug someone.,3
"Oh, grilled nuggets. Haven't really seen those at fast food places so I thought they were just the regular nuggets",5
"Look [NAME] is here ""Where the fuck was he an hour ago, gary, where!?""",0
"It was a painful cringe, too. Are we masochists?",4
Them boys smelling even more blood in the water. Rack them fuckin points up boys!,0
"Not having social media is such a blessing for me, itâ€™s weird he messaged your mum though! I bet she loved hearing from him! ",1
"For [NAME] sake, they used OFFICIAL ones , my god. Fucking animals.",0
"2 Minute [NAME] is the scariest [NAME]. I fear they have yet again, like the regular season game, scored too soon.",2
"You really don't comprehend anything my man, now do you? Goodness gracious the amount of stupidity. ",0
That shit sent me on a fucking journey to read.,0
So the article is pretty much nonsense.,1
Sounds weird but dont swallow,5
That is even worse. No tax from them and we provide them with services.,1
"Holy bait-and-switch, [NAME]. Iâ€™m so sorry, that has to be incredibly stressful to have to be around and deal with.",4
[NAME] should have come back. I'm surprised you could get any worse than the s10 one but shit i was wrong.,5
This is clearly the world's most dangerous gang,2
I'm afraid I'll pick something else.,2
For both of you together? The fuck company are you using.,0
"That's that frequency dying in your ears. Enjoy it, because you will never hear that exact frequency again",3
I don't think you're allowed to administer a vaccine to someone who is sick/injured.,4
Happy cake day!,3
"I feel sorry for people that think Reddit (or even some random sub-reddit) is ""an international stage"".",4
"It's hard to have a nuanced opinion, innit? But I don't like everything he does. This is one if them.",0
I don't drink at all specifically because the next day is sheer terror.,2
I saw that comment and wondered if someone was going to post it here. I almost feel bad. Maybe theyâ€™re lonely.,5
"Submissive? ""sheâ€™s a [NAME] so literally itâ€™s like a brand new car [NAME] has blessed me with."" You're disgusting.",1
"She's reading Canada's extradition act but not Canada's extradition treaty with the USA. I've had this argument before, it's pointless.",0
ok so that was fucking sick,4
"Iâ€™ll be honest I really donâ€™t care. Iâ€™m happy to know that others care about this, but eh you do you",3
It was done before and it was terrible,2
I want to so bad it hurts. I guess I'm just scared.,2
"Help, I'm scared and want to go back.",2
Become friends with people who work night shift. We are always up at crazy hours and need a distraction from our work.,3
So happy for your strong stance and to help him on his way out of your life.,3
Fuck the haters [NAME] > Everybody,0
The cruelest people in the room are a pack of gormless dullards. It's the banality of evil for the 21st century.,1
literally I feel like crying,4
"Damn, I didn't know that you used to mod there.",5
Please stop talking [NAME].,0
"so lucky. im afraid to tell my [NAME] gf. :"")",2
Glad to see [NAME] back,3
Oof the way he just tossed the cat aside oof,5
Refreshmentos! What's that? It's new!,5
Wow there a lot to choose from for 10 bucks or less too,5
"You made me cry. That rarely happens, it's like poetry. Someone gets me. Someone feels my pain. Thank you.",4
I was in awe the whole hour I spent in there.,2
"See that's what I figured, but at the same time academy is such a hindrance ðŸ˜‚",4
Cool! Glad to see some cooperation.,3
Ugh...terrible.,1
"I got angry briefly, made a post and got over it quick. Thanks for the diagnosis Doctor. ðŸ˜†",0
This made me spill my drink.,1
"Thanks, I hate it",0
"Blow me you feckless moron, I was out of state. ",0
Damn thatâ€™s sad,4
Pull your fucking pants up oh my god,5
Maybe it's fantasy.....I just feel like the stock for a lot of these Ducks is reallllll low right now,4
Oh there's still bugs? Weird,1
I am trying they try to say Iâ€™m fake even though Iâ€™m trying itâ€™s painful to talk to them sometimes,4
So. This is scary as fuck.,2
And that smilie she gave the fiancÃ© when he sat down with the sandwich....I would be scared if I was him.,2
I see you utilized it. 3.5? Sad.,4
"What?! Now you are just reaching bro. He's not even the best bodybuilder named [NAME], [NAME] has him beat.",5
Sorry misunderstood you! Iâ€™m talking about viruses and bacteria that can kill you like the flu etc,4
It's sad how long it took me to get that. Haha got em,4
"I go to a neighborhood mexican restaurant monthly for the past 2.5 years, but nobody knows my name â˜¹",4
My kitten just got very happy when Pasta scored. Such loud purrs! I was happy too.,3
"I'm glad you have your kids, but have you seen Brooklyn 99 like the op stated? It's worth living for too.",3
He knew what you meant. He pretended to be confused to save face. thatâ€™s disgusting...,1
Sad thing is it would probably forcibly ground the plane.,4
This whole sub makes me sad.,4
I always feel so bad for [NAME] when I watch this scene.,4
Hang on is that allowed? Geez that guy seemed really angry.,0
HOLY SHIT CHANCE,0
I am unconcerned.,4
Or just get the fuck out and never look back.,0
This is disgusting.... please make more.,1
It also makes me cry! but because it shows how far [NAME] has fallen...,4
Iâ€™m surprised by how quickly they were able to get a graphic for Kent.,5
I don't think you can find a better support line in contenders than alarm and elk. absolutely insane and clutch it's unbelievable,5
Good for you for shutting that door! You are not responsible for him. Heâ€™s a grown ass man who made his own mistakes.,0
Itâ€™s tinder no one cares if they get blocked cringe to you is funny to them,3
I miss the confetti cakes :(,4
"Its an mlm in disguise, branded to appeal to the college demographic. I got the fuck out ",0
"Nah, girl, you did great. I'm also shocked by guys who want to hook up without a condom.",5
Im not ðŸ˜€ Glad you realize your mistake and why I was confused ðŸ˜‰,3
Really? I had no idea the bioavailability was the same,5
This is so cringey it hurts. I feel so bad for whoever sent this because they are so stupid.,4
"Glad youâ€™re doing better internet stranger, and I hope you continue to know peace and happiness. Be well.",3
Oh for sure. Sometimes I wonder if they are actually harming there cause with the over the top hypocrisy the newcomers seem to see it quite quickly.,5
Here in America too. Those counter protesting fascist get thrown in jail and pepper sprayed like animals. It makes no sense that this happens.,0
"I'm a little sad that there's not actually a video called Dance of the Hillary, virus or not.",4
"I had a friend send me a 3+ hour paranoid conspiracy documentary, zeitgeist I think it was called... Wasted 10 minutes before I noped the fuck out..",0
Wife left me and I am just broken. relapsed tonight from 7 years clean and just not seeing a point anymore,4
I really pity those unfree Cuban babies. Itâ€™s just sad.,4
Even worse.,1
Ik Iâ€™m crying rn,4
Is there any way to somebody can please translate the notes into doc form or something? I am having trouble viewing them :(,4
"Look I'm not saying that I agree with them, theres no need to be an asshole",0
"Gotta love these kids! When they do or say the cutest things like that, it really makes u melt....... Enjoy OP!!!",3
I never even knew there were bullies in school unit I was out of school and read about bullies in school.,5
"Heâ€™s such a little bitch, impossible to like",0
The sea was angry that day my friends...,0
Enjoying Mummers. I'm from Philly. I kind of terrified as they just used Skyrim music....,3
Can't believe me and my family were gonna leave five minutes early to beat the traffic. Honestly the best game I've ever seen live,5
"I know, right?! I was literally in tears Saturday night ðŸ˜ª It's only 3 years old!!",4
My mom works for Nasa and apparently no. They gave them pamphlets with numbers for credit agencies and tips on getting loans lol. Its kinda awful.,1
